time,acc_x,acc_y,acc_z,grav_x,grav_y,grav_z,gyro_yaw,gyro_pitch,gyro_roll,orient_yaw,orient_pitch,orient_roll,gps_lat,gps_lon,gps_speed,gps_accuracy,gps_orient,gps_sats,ins_vel_x,ins_vel_y,ins_vel_z,ins_pos_x,ins_pos_y,ins_pos_z,ins_is_reset,_t_sec,true_vel_x,true_vel_y,true_pos_x,true_pos_y,true_speed_ms,true_heading,err_vel_x,err_vel_y,err_pos_x,err_pos_y
929513.0,-0.3318,-0.9847,10.4017,0.0093,0.0056,9.8065,-0.0086,0.0173,-0.0024,334.78,-87.52,156.72,52.881527,-1.70811,13.98,6,268.03,22 / 22,-14.013334815616025,-0.3637704002331495,0.0,0.0,0.0,0.0,False,0.0,-14.013334815616025,-0.3637704002331495,0.0,0.0,14.018055555555556,268.513,0.0,0.0,0.0,0.0
929612.0,0.4177,0.4711,9.8207,-0.0054,-0.0027,9.8066,-0.0104,0.0584,-0.0962,333.48,-87.61,155.38,52.881527,-1.70811,13.98,6,268.03,22 / 22,-13.997676344736167,-0.3207812454000526,0.030150449999979578,-1.3865450524364908,-0.03388530645882047,0.0014924472749979745,False,0.0989999999999327,-14.041906269820258,-0.3652404696484541,-1.388411230608948,-0.03302489390467249,14.046655555555953,268.51003,-0.04422992508409074,-0.044459224248401485,-0.0018661781724571558,0.0008604125541479823
929712.0,-1.2214,-0.2715,10.0325,0.0156,0.0013,9.8066,0.0021,0.0249,-0.0827,330.72,-87.52,153.1,52.881527,-1.70811,13.98,6,268.03,22 / 22,-14.036748719445466,-0.26745151810059786,0.04214544999998242,-2.788266305645891,-0.06329694463385968,0.0051072422749968965,False,0.19899999999995543,-14.18020577133561,-0.3578110997356103,-2.804133048832364,-0.07739166939439271,14.184719444438388,268.5545499999981,-0.14345705189014346,-0.09035958163501245,-0.015866743186473187,-0.014094724760533028
929812.0,-1.3837,-0.3963,10.3089,0.0204,0.0044,9.8065,0.0848,-0.0624,0.0825,331.98,-87.5,154.15,52.881527,-1.70811,13.98,6,268.03,22 / 22,-14.136604047578478,-0.29451646526506453,0.07855044999999075,-4.196933943997408,-0.09139534380214918,0.011142037274996927,False,0.29899999999997817,-14.23112431735508,-0.25491874141464993,-4.219989071505468,-0.08884474660133186,14.233411111109703,268.97376999998755,-0.0945202697766021,0.0395977238504146,-0.02305512750806038,0.0025505972008173228
929911.0,-1.2961,-1.5058,10.0798,0.0066,-0.0037,9.8066,-0.0004,0.101,-0.0711,332.64,-87.47,154.71,52.881527,-1.70811,13.98,6,268.03,22 / 22,-14.210950694680424,-0.37568550898568376,0.11693274999996472,-5.600137903738269,-0.12457034152753868,0.020818455674988145,False,0.39799999999991087,-14.307771999553212,-0.32526617096259797,-5.634838561478404,-0.1325443525263244,14.311472222220976,268.6977200000045,-0.09682130487278862,0.05041933802308579,-0.03470065774013431,-0.007974010998785724
930011.0,-0.0971,-0.2001,9.6968,-0.0138,-0.0139,9.8066,-0.0593,0.2092,-0.0302,331.37,-87.41,157.29,52.881527,-1.70811,13.98,6,268.03,22 / 22,-14.234093236035019,-0.41879418497878107,0.12509774999996665,-7.0223901002743645,-0.16429432622577095,0.03291998067498746,False,0.4979999999999336,-14.433959390003618,-0.317957444782805,-7.070691034161841,-0.15522811778233211,14.43746111111099,268.73805999999996,-0.19986615396859975,0.10083674019597605,-0.048300933887476916,0.009066208443438833
930112.0,-2.1583,-0.8462,10.3034,-0.0062,-0.0103,9.8066,0.0171,-0.0226,-0.0271,336.16,-87.44,158.05,52.881527,-1.70811,13.98,6,268.03,22 / 22,-14.314701474677758,-0.44791873264980153,0.14463619999996652,-8.464104233165347,-0.20806332856601398,0.046541545149983966,False,0.5989999999999327,-14.511995729688227,-0.3482932841021221,-8.53432380984134,-0.19970608749908325,14.516175000001057,268.6251499999984,-0.19729425501046904,0.09962544854767941,-0.0702195766759921,0.008357241066930726
930211.0,-0.0062,-0.719,9.4248,-0.0263,-0.0154,9.8066,-0.0281,0.2459,-0.1434,334.79,-87.54,156.72,52.881527,-1.70811,13.98,6,268.03,22 / 22,-14.377448961271742,-0.4978154997758524,0.1503237499999692,-9.884365679745514,-0.2548771730711058,0.061142062674987625,False,0.6979999999999791,-14.639790310963127,-0.3651850990027454,-9.982388879390786,-0.23284217700454746,14.644344444438893,268.5710800000023,-0.26234134969138445,0.132630400773107,-0.09802319964527229,0.022034996066558343
930311.0,1.3299,-0.934,10.2113,-0.033,0.001,9.8065,0.0359,-0.0975,0.0095,337.88,-87.48,159.68,52.881527,-1.70811,13.98,6,268.03,22 / 22,-14.279070634847844,-0.48419701007876464,0.15146374999996948,-11.317191659551819,-0.3039777985638478,0.076231437674988,False,0.7980000000000018,-14.770981794574862,-0.36266550375923373,-11.458368456386918,-0.26620065432391077,14.775433333329481,268.5935199999993,-0.4919111597270174,0.12153150631953091,-0.14117679683509898,0.037777144239937055
930412.0,-1.6637,-1.0149,9.332,-0.0302,0.0069,9.8066,0.1006,0.1037,-0.1336,338.15,-87.51,159.91,52.881527,-1.70811,13.98,6,268.03,22 / 22,-14.251886684611915,-0.5164253693857177,0.14792874999996958,-12.758005004184524,-0.35450922872680374,0.09135075892498479,False,0.8990000000000009,-14.826730254547366,-0.3723707727456745,-12.949378921993304,-0.3109010145749697,14.831405555554765,268.56133000000045,-0.5748435699354513,0.14405459664004322,-0.19137391780878055,0.043608214151834024
930511.0,1.7921,-1.153,9.4504,-0.0001,-0.0235,9.8066,0.0612,-0.3204,0.0844,339.77,-87.33,158.05,52.881527,-1.70811,13.98,6,268.03,22 / 23,-14.199613053569486,-0.5529653659264637,0.10679919999999764,-14.166354241223546,-0.4074440701247207,0.1039597924499746,False,0.9979999999999336,-14.969073933886643,-0.30275402672250445,-14.430592469142288,-0.3331400001268379,14.97213888888875,268.8412799999997,-0.7694608803171565,0.25021133920395927,-0.2642382279187423,0.0743040699978828
930612.0,-2.4806,-0.2222,9.9948,0.0183,-0.0107,9.8065,-0.0511,-0.0214,0.1386,335.25,-87.47,157.12,52.881527,-1.70811,13.98,6,268.03,22 / 23,-14.198091140087335,-0.5739228941237644,0.09831014999999776,-15.600438303003203,-0.4643519272572567,0.11431781462497427,False,1.0989999999999327,-15.087374368696944,-0.3203466369486261,-15.948578011576238,-0.3666096737426979,15.090775000001607,268.78363999999914,-0.8892832286096084,0.2535762571751383,-0.34813970857303467,0.09774225351455884
930712.0,0.0515,-0.5906,9.6192,-0.0325,-0.006,9.8066,0.0536,-0.2367,-0.0077,336.53,-87.44,158.23,52.881527,-1.70811,13.98,6,268.03,22 / 23,-14.288293161576602,-0.5974497188215955,0.09834514999999779,-17.024757518086723,-0.5229205579045381,0.12415057962497628,False,1.1989999999999554,-15.236046216847148,-0.3299940754562311,-17.471596217469948,-0.3999681510314139,15.239619444437952,268.75924000000106,-0.947753055270546,0.26745564336536437,-0.44683869938322474,0.12295240687312414
930812.0,-1.454,-2.1965,10.3666,0.0132,0.0271,9.8065,0.0842,-0.1426,0.0758,334.86,-87.29,156.97,52.881527,-1.70811,13.98,6,268.03,22 / 23,-14.289885540259974,-0.6892582453886611,0.11697015000000205,-18.453666453178876,-0.5872559561150655,0.1349163446249787,False,1.2989999999999782,-15.295851789516572,-0.27424091218041796,-18.99481573004172,-0.4333266297088618,15.29831111110941,268.97283999999365,-1.0059662492565984,0.41501733320824313,-0.5411492768628428,0.15392932640620371
930912.0,-0.8316,-0.4143,10.0533,-0.005,-0.01,9.8066,-0.0369,-0.0926,0.007,336.74,-87.35,155.18,52.881527,-1.70811,13.98,6,268.03,22 / 23,-14.335502592508076,-0.7904650648816057,0.1573001500000113,-19.884935859817602,-0.6612421216285957,0.14862985962498249,False,1.399000000000001,-15.428279007560395,-0.21576759994612027,-20.53132147446473,-0.4446685112975811,15.429788888886947,269.1987399999967,-1.0927764150523185,0.5746974649354855,-0.6463856146471265,0.21657361033101463
931012.0,-0.6372,-1.9047,9.7795,0.0333,-0.0048,9.8066,-0.0295,-0.0805,0.1099,330.4,-87.32,152.83,52.881527,-1.70811,13.98,6,268.03,22 / 23,-14.345140931310805,-0.8599090436824247,0.1682751500000014,-21.31896803600724,-0.7437608270567222,0.1649086246249683,False,1.49899999999991,-15.583107033576738,-0.36171043637684547,-22.09453388701464,-0.4888128976203322,15.587311111110946,268.6703600000006,-1.2379661022659327,0.49819860730557924,-0.7755658510073999,0.25494792943639
931112.0,0.3613,-0.6062,9.6094,-0.0031,-0.0026,9.8066,0.0144,0.0048,-0.0675,331.18,-87.35,153.39,52.881527,-1.70811,13.98,6,268.03,22 / 23,-12.152837377674246,-0.7749253702384282,0.13349687749999914,-22.643866951456797,-0.8255025477527834,0.17999722599997175,False,1.5989999999999327,-15.698937415668007,-0.3454974368529079,-23.658014708265217,-0.5222825705359675,15.702738888890469,268.73925000000105,-3.546100037993762,0.4294279333855203,-1.0141477568084198,0.30321997721681593
931212.0,1.0641,-1.2712,10.6056,0.0274,0.0182,9.8066,0.0668,-0.1203,0.0764,336.57,-87.41,154.98,52.881527,-1.70811,13.98,6,268.03,22 / 23,-12.046919946613498,-0.7653644059787039,0.16358187750000613,-23.853854817671458,-0.9025170365636576,0.1948511637499754,False,1.6989999999999554,-15.850017465574556,-0.274088082827196,-25.241424877216748,-0.544632751017106,15.85238888888236,269.00927999998817,-3.8030975189610583,0.49127632315150793,-1.3875700595452898,0.3578842855465516
931312.0,-2.7116,-0.1509,9.7828,0.0362,-0.0081,9.8066,-0.0907,0.2725,-0.168,331.66,-87.43,150.32,52.881527,-1.70811,13.98,6,268.03,22 / 23,-12.08691898869699,-0.8089512106020126,0.20233687750001506,-25.060546764437255,-0.9812328173927113,0.21314710149998062,False,1.7989999999999782,-15.889467824415528,-0.25809404386365375,-26.825036352837703,-0.5668717365757278,15.891563888887768,269.0694199999983,-3.8025488357185377,0.5508571667383588,-1.7644895884004477,0.41436108081698353
931412.0,1.6024,-0.809,10.0898,0.0039,0.0054,9.8066,0.0504,0.0975,-0.0697,334.94,-87.55,153.26,52.881527,-1.70811,13.98,6,268.03,22 / 23,-12.112216522504816,-0.8180306938574207,0.21530187750001809,-26.27050353999762,-1.0625819126157015,0.23402903924998703,False,1.899000000000001,-16.10208062635921,-0.29562124644615184,-28.42857717626115,-0.6001190189351909,16.104794444441286,268.9482300000018,-3.9898641038543943,0.5224094474112688,-2.1580736362635307,0.4624628936805105
931514.0,-4.0496,0.0974,9.4071,0.0349,0.0246,9.8065,0.0369,0.3481,-0.3488,332.45,-87.48,151.09,52.881527,-1.70811,13.98,6,268.03,21 / 21,-12.20491004244606,-0.8459866206729747,0.20936547750001958,-27.510676994809817,-1.1474467956567311,0.2556870743549837,False,2.0009999999999764,-16.109634206706342,-0.2852622661399128,-30.064662557551877,-0.623136368970844,16.112161111111092,268.98557,-3.9047241642602817,0.5607243545330619,-2.55398556274206,0.5243104266858871
931612.0,3.6567,-1.8116,10.4434,-0.0038,0.001,9.8066,-0.0979,0.3595,-0.1255,334.56,-87.7,152.73,52.881527,-1.70811,13.98,6,268.03,21 / 21,-12.182159209626304,-0.8733787843026222,0.22098827750001446,-28.70564338816083,-1.2316957005004978,0.276774408349976,False,2.0989999999999327,-16.320047719818586,-0.3568461705091038,-31.66263389993443,-0.6667247799725686,16.323950000002966,268.74742999999665,-4.1378885101922815,0.5165326137935184,-2.9569905117736006,0.5649709205279292
931712.0,0.0731,-0.6404,9.4586,0.0454,0.0093,9.8064,-0.1834,0.4116,-0.2248,327.49,-87.83,146.05,52.881527,-1.70811,13.98,6,268.03,21 / 21,-11.959674749304058,-0.8371647479163465,0.23542327750001785,-29.912735086107624,-1.3172228771114658,0.2995949860999828,False,2.1989999999999554,-16.412382630410228,-0.3950213327259478,-33.299860018187196,-0.7112027503793178,16.41713611110711,268.62125000000543,-4.4527078811061696,0.44214341519039874,-3.3871249320795727,0.606020126732148
931812.0,4.65,-1.0067,10.1855,-0.0692,-0.0015,9.8064,0.0281,0.587,-0.3557,326.24,-87.91,144.78,52.881527,-1.70811,13.98,6,268.03,21 / 21,-11.724627627204299,-0.7105203712001659,0.23696327750001825,-31.09695020493331,-1.394607133067309,0.32321431384999,False,2.298999999999978,-16.517162214031384,-0.3516408712270245,-34.950439470640305,-0.7446724239885778,16.520905555552492,268.7803799999952,-4.7925345868270846,0.3588794999731414,-3.853489265706994,0.6499347090787313
931912.0,-1.3354,0.0635,9.2667,-0.0092,-0.0079,9.8066,0.0929,0.0161,-0.0692,332.63,-87.88,150.77,52.881527,-1.70811,13.98,6,268.03,21 / 21,-11.567730657468083,-0.5865841748917646,0.22890827750001644,-32.261568119167194,-1.4594623603719203,0.346507891599997,False,2.399000000000001,-16.614016770329535,-0.3601290605511728,-36.60779624330355,-0.7780309012796968,16.61791944444302,268.75824000000034,-5.046286112861452,0.22645511434059185,-4.346228124136353,0.6814314590922236
932012.0,-4.3895,-0.6023,9.7393,-0.0721,-0.0106,9.8064,-0.0811,0.437,-0.217,339.86,-88.08,157.49,52.881527,-1.70811,13.98,6,268.03,21 / 21,-11.820118910986356,-0.6539011457889634,0.19854327750004414,-33.43096059758885,-1.5214866264059004,0.3678804693499806,False,2.49899999999991,-16.730687527409977,-0.377190108655679,-38.27850635008785,-0.8223976767581077,16.734938888888767,268.7085000000001,-4.910568616423621,0.27671103713328443,-4.847545752499002,0.6990889496477927
932112.0,-0.2134,-0.4427,9.9959,-0.0442,0.0109,9.8065,-0.0092,-0.3568,0.2366,335.63,-88.14,153.45,52.881527,-1.70811,13.98,6,268.03,21 / 21,-12.010645798397698,-0.7179505921007038,0.20463827750004562,-34.62249883305832,-1.5900792133003994,0.38803954709998967,False,2.5989999999999327,-16.81241172077185,-0.35389181163732514,-39.95599377716243,-0.8558673503669196,16.81613611111222,268.7941300000012,-4.80176592237415,0.36405878046337864,-5.33349494410411,0.7342118629334797
932212.0,-3.5312,-1.0334,10.4305,-0.029,0.0145,9.8065,0.057,-0.0154,-0.1045,334.98,-88.23,149.17,52.881527,-1.70811,13.98,6,268.03,21 / 21,-12.14636849588771,-0.7994233070710095,0.24529327750005497,-35.83034954777287,-1.6659479082590023,0.4105361248499998,False,2.6989999999999554,-16.989300132078863,-0.3094856018829551,-41.64683453815993,-0.8782175308551313,16.992119444436742,268.95636999999294,-4.842931636191153,0.4899377051880544,-5.81648499038706,0.787730377403871
932312.0,0.9109,-0.2776,9.7246,-0.047,-0.0101,9.8065,0.0281,-0.3377,0.2498,329.02,-88.23,147.16,52.881527,-1.70811,13.98,6,268.03,21 / 21,-12.23904051737417,-0.8448074741459126,0.27238327750006125,-37.04961999843624,-1.7481594473198672,0.4364199526000115,False,2.798999999999978,-17.097983412646883,-0.3689151740741333,-43.357738851454194,-0.9224731114155743,17.101963888885674,268.7639600000058,-4.858942895272714,0.4758923000717793,-6.308118853017952,0.8256863359042929
932412.0,-3.6155,-0.3458,10.1072,0.0293,0.0,9.8065,0.0844,-0.47,0.1788,327.38,-88.22,145.55,52.881527,-1.70811,13.98,6,268.03,21 / 21,-12.340797567509943,-0.8808186905428943,0.2833082775000639,-38.27861190268073,-1.8344407555543272,0.46420453035002407,False,2.899000000000001,-17.19131137057126,-0.30851199486818875,-45.06884447130736,-0.9449344868233776,17.194080555554205,268.9718799999969,-4.850513803061316,0.5723066956747056,-6.790232568626628,0.8895062687309496
932512.0,2.6601,-0.8493,9.4408,-0.0049,-0.0217,9.8065,0.009,-0.1428,0.2012,334.51,-88.14,148.84,52.881527,-1.70811,13.98,6,268.03,20 / 21,-12.347317573875818,-0.9094185013429947,0.2800432775000669,-39.5130176597489,-1.9239526151485402,0.492372108100005,False,2.99899999999991,-17.185513690879223,-0.43997838013127166,-46.7799500911323,-1.00019836488567,17.191150000000004,268.53345000000047,-4.838196117003404,0.46944012121172307,-7.2669324313834025,0.9237542502628702
932612.0,-0.9969,-0.7152,9.7445,0.0516,0.0162,9.8065,0.0423,-0.5054,0.2481,325.98,-88.24,144.36,52.881527,-1.70811,13.98,6,268.03,20 / 21,-12.232989899461142,-0.8836149916537707,0.2586432775000621,-40.74203303341602,-2.013604289798399,0.5193064358500176,False,3.0989999999999327,-17.368002457267735,-0.3754306198070994,-48.51098505877391,-1.0337792327184987,17.37206111111362,268.7616500000032,-5.1350125578065935,0.5081843718466712,-7.7689520253578905,0.9798250570799003
932712.0,-3.484,-0.1665,10.6429,0.026,0.0188,9.8066,0.0019,0.0932,-0.0021,332.29,-88.4,146.51,52.881527,-1.70811,13.98,6,268.03,20 / 21,-12.408598320022913,-0.9650752868760688,0.2973482775000709,-41.97411244439051,-2.106038803724912,0.5471060136000305,False,3.1989999999999554,-17.448329076201418,-0.4521776200614447,-50.255507564710314,-1.0781460089013957,17.45418888888536,268.5155100000109,-5.039730756178505,0.5128976668146241,-8.281395120319807,1.0278927948235161
932812.0,-1.4493,-0.6786,10.6773,0.0387,0.018,9.8065,0.0708,-0.2661,0.085,329.61,-88.32,147.7,52.881527,-1.70811,13.98,6,268.03,20 / 21,-12.606203463260208,-1.0547625893525594,0.38269327750009036,-43.224852533554945,-2.207030697536366,0.5811080913500464,False,3.298999999999978,-17.504428721178037,-0.4192875446143348,-52.000164275133315,-1.1226239793183894,17.50944999999838,268.6278399999966,-4.898225257917829,0.6354750447382246,-8.77531174157837,1.0844067182179766
932911.0,-2.2375,0.1688,9.9609,0.0458,-0.0099,9.8065,0.028,0.3111,-0.1729,324.77,-88.18,139.55,52.881527,-1.70811,13.98,6,268.03,20 / 21,-12.752463086434794,-1.1134309185595221,0.433425827500056,-44.48010652776399,-2.314356276177941,0.6215059870475261,False,3.397999999999911,-17.577350045911256,-0.33284265181805617,-53.73395043219565,-1.1448629648705864,17.580505555554424,268.9151599999954,-4.824886959476462,0.780588266741466,-9.253843904431655,1.1694933113073547
933012.0,2.1213,-2.4282,9.9417,0.0055,0.0235,9.8066,0.005,0.1125,-0.1093,324.25,-88.24,139.23,52.881527,-1.70811,13.98,6,268.03,20 / 21,-12.70033502907329,-1.1439327090851852,0.44803547750005596,-45.76547283259714,-2.4283531393739977,0.6660197829500314,False,3.49899999999991,-17.654947429351644,-0.38837005008163406,-55.50947414596244,-1.1893409352872586,17.659219444444364,268.7398300000002,-4.954612400278354,0.7555626590035511,-9.744001313365303,1.239012204086739
933112.0,-3.0968,-1.2947,10.6373,0.0457,0.0081,9.8064,-0.0897,0.3353,-0.2264,319.25,-88.29,134.07,52.881527,-1.70811,13.98,6,268.03,20 / 21,-12.630575023506628,-1.2671792665841817,0.496320477500067,-47.032018335226425,-2.5489087381574933,0.7132375807000483,False,3.5989999999999327,-17.726080957934048,-0.3377934694137137,-57.2741944085509,-1.222810607495571,17.72930000000096,268.9082800000024,-5.09550593442742,0.929385797170468,-10.242176073324472,1.3260981306619224
933212.0,1.3738,-0.1368,9.1859,-0.0203,-0.0097,9.8066,-0.1203,0.3305,-0.0774,315.91,-88.53,130.64,52.881527,-1.70811,13.98,6,268.03,20 / 21,-12.668321834061587,-1.3120030065085835,0.5068154775000695,-48.29696317810512,-2.677867851812161,0.7633943784500665,False,3.6989999999999554,-17.80413647977567,-0.37568085856597544,-59.0522680050692,-1.2561690861706403,17.808099999996564,268.79120000000523,-5.135814645714085,0.936322147942608,-10.755304826964078,1.4216987656415205
933312.0,1.3557,-1.3825,9.2883,-0.0094,0.0052,9.8066,-0.0335,-0.0145,-0.007,317.5,-88.65,132.08,52.881527,-1.70811,13.98,6,268.03,20 / 21,-10.655008487289576,-1.0303064545723053,0.3823814058750481,-49.46312969417295,-2.794983324866232,0.8078542226188326,False,3.798999999999978,-17.91216389237508,-0.36409001859343204,-60.83711892200132,-1.2895275641619848,17.915863888885706,268.8355399999987,-7.257155405085504,0.6662164359788733,-11.373989227828375,1.5054557607042471
933412.0,0.9387,-1.8546,10.0356,-0.0231,0.0146,9.8066,0.005,0.2021,-0.0849,312.18,-88.86,126.64,52.881527,-1.70811,13.98,6,268.03,20 / 21,-10.477849142036979,-1.001464661769946,0.3679114058750449,-50.519772575639514,-2.896571880683368,0.8453688632063457,False,3.899000000000001,-18.011797540046892,-0.3865221352781987,-62.63532317299238,-1.3228860421462802,18.015944444442976,268.77066000000093,-7.533948398009914,0.6149425264917474,-12.115550597352865,1.5736858385370875
933512.0,-0.2478,-1.6417,9.2119,-0.0169,-0.0082,9.8065,0.0371,-0.0383,-0.0124,315.44,-88.8,126.86,52.881527,-1.70811,13.98,6,268.03,21 / 22,-10.349715259042775,-1.0349576158087235,0.34962140587506163,-51.561150795692555,-2.9983929945622085,0.8812455037938185,False,3.99899999999991,-18.023362221244632,-0.3094035032077177,-64.42701851243235,-1.356244520130538,18.026019444444433,269.01650999999976,-7.6736469622018575,0.7255541126010058,-12.8658677167398,1.6421484744316706
933612.0,-0.8804,-0.856,8.8904,-0.0316,0.001,9.8065,-0.0652,0.205,-0.1036,306.02,-88.73,121.11,52.881527,-1.70811,13.98,6,268.03,21 / 22,-10.316267476435469,-1.1031275023535292,0.27407140587504447,-52.5944499324667,-3.1052972504703455,0.9124301443813309,False,4.098999999999933,-18.189327543511453,-0.3806373967642031,-66.24521921340704,-1.3896029981148335,18.193311111113427,268.80119999999704,-7.8730600670759845,0.722490105589326,-13.650769280940338,1.715694252355512
933711.0,2.9682,-2.0293,10.5289,-0.0316,0.0332,9.8065,-0.016,-0.2111,0.1828,307.91,-88.96,119.33,52.881527,-1.70811,13.98,6,268.03,21 / 22,-10.165831111688794,-1.0514091621810047,0.26446840587504,-53.608313812579325,-3.211946815364855,0.9390878650629725,False,4.197999999999979,-18.220084693584393,-0.4437131677311001,-68.04550363189298,-1.444422097163109,18.225488888887558,268.6049600000085,-8.0542535818956,0.6076959944499045,-14.437189819313659,1.767524718201746
933811.0,1.9027,-1.0789,9.7292,-0.0445,-0.0136,9.8065,-0.0391,0.2948,-0.1856,317.63,-88.92,129.29,52.881527,-1.70811,13.98,6,268.03,21 / 22,-9.90985195484471,-0.9118129361875105,0.29670840587504743,-54.61209796590623,-3.310107920283303,0.9671467056504832,False,4.298000000000002,-18.42143331792829,-0.45335720930368045,-69.88370078286023,-1.4891224574361286,18.427011111105088,268.5902200000003,-8.51158136308358,0.45845572688383,-15.271602816954001,1.8209854628471742
933912.0,1.8188,-2.5758,11.1163,-0.0588,0.0044,9.8064,-0.0674,-0.226,0.2029,321.32,-88.84,132.54,52.881527,-1.70811,13.98,6,268.03,21 / 22,-9.664018099037888,-0.8678999956379762,0.358934505875047,-55.600578403627296,-3.399983423340489,1.0002566726938626,False,4.399000000000001,-18.420223231467805,-0.4221886017801826,-71.74068654455806,-1.5340452075501705,18.4250611111112,268.68701999999854,-8.756205132429917,0.44571139385779357,-16.140108140930764,1.8659382157903186
934012.0,-4.55,-0.8641,9.9303,-0.0462,-0.0242,9.8065,-0.1008,0.1691,0.0069,333.61,-88.73,144.0,52.881527,-1.70811,13.98,6,268.03,21 / 22,-9.702927467170376,-0.9874022515506102,0.43059950587498197,-56.568925681936825,-3.492748535699834,1.039733373281328,False,4.49899999999991,-18.55647704854132,-0.5793439284156857,-73.59257254050331,-1.600539773662776,18.56552499999985,268.21181000000047,-8.853549581370945,0.4080583231349245,-17.023646858566487,1.892208762037058
934112.0,0.9553,-1.4899,11.1289,-0.0729,0.0129,9.8063,-0.0614,-0.4774,0.3011,335.52,-88.87,146.3,52.881527,-1.70811,13.98,6,268.03,21 / 22,-9.81100867419342,-1.1106165984036886,0.5028945058749985,-57.544622489005235,-3.5976494781975727,1.0864080738688378,False,4.598999999999933,-18.676340665386373,-0.48806932179817625,-75.45787897265043,-1.656248432830226,18.68271944444605,268.50301000000405,-8.865331991192953,0.6225472766055125,-17.9132564836452,1.9414010453673467
934212.0,-4.5709,0.3099,9.557,0.0269,-0.0179,9.8065,-0.0266,-0.2284,0.2239,328.32,-88.92,142.22,52.881527,-1.70811,13.98,6,268.03,21 / 22,-9.940112163175966,-1.2009367362640848,0.5565245058750108,-58.53217853087393,-3.7132271449309875,1.1393790244563502,False,4.698999999999955,-18.752063006818503,-0.6184746692182321,-77.32996272498954,-1.7228541938769824,18.762263888885442,268.1109900000174,-8.811950843642537,0.5824620670458527,-18.797784194115614,1.9903729510540051
934312.0,-0.1526,-0.2425,9.5256,-0.0531,-0.0099,9.8065,0.0311,-0.4784,0.2817,336.58,-88.84,146.82,52.881527,-1.70811,13.98,6,268.03,21 / 22,-10.145140841151864,-1.2574454877708037,0.5299895058750048,-59.536441181090545,-3.8361462561327597,1.1937047250438633,False,4.798999999999978,-18.925301254077652,-0.6454738942726922,-79.22204292744443,-1.789571149845525,18.936305555550398,268.0466100000018,-8.780160412925788,0.6119715934981115,-19.68560174635389,2.046575106287235
934412.0,-5.6371,0.459,10.4762,0.0675,-0.0039,9.8063,0.063,-0.5827,0.3806,319.37,-88.56,130.43,52.881527,-1.70811,13.98,6,268.03,21 / 22,-10.381379660572176,-1.3740046212907355,0.5494145058750094,-60.56276720617698,-3.9677187615858664,1.2476749256313762,False,4.899000000000001,-18.971421272638917,-0.592772617608111,-81.11432443641861,-1.856288105814116,18.98068055555492,268.21033999999753,-8.590041612066742,0.7812320036826246,-20.551557230241634,2.11143065577175
934512.0,2.3299,-1.455,10.0841,-0.0224,0.0118,9.8065,-0.0199,-0.2574,0.1635,330.37,-88.75,141.41,52.881527,-1.70811,13.98,6,268.03,20 / 20,-10.481709220200168,-1.4819963363465791,0.5967645058749664,-61.60592165021465,-4.110518809467602,1.3049838762188228,False,4.99899999999991,-19.00810067676114,-0.499356387726022,-83.013249061355,-1.900988466079928,19.014661111111074,268.4951399999997,-8.52639145656097,0.9826399486205571,-21.40732741114035,2.209530343387674
934612.0,-0.6145,-0.0402,9.9754,0.058,0.0023,9.8065,0.0729,-0.4424,0.2289,318.58,-88.53,133.22,52.881527,-1.70811,13.98,6,268.03,20 / 20,-10.375329478867947,-1.4458089587650254,0.6190745058749716,-62.64877358516829,-4.256909074223215,1.3657758268063336,False,5.098999999999933,-19.08472307046334,-0.46345950593912283,-84.91224078847512,-1.9454664364898813,19.09035000000105,268.60888000000153,-8.709393591595394,0.9823494528259025,-22.263467203306824,2.311442637733334
934711.0,-2.1483,0.0117,10.524,0.0133,0.0026,9.8066,-0.0012,-0.0745,0.0671,328.53,-88.59,139.23,52.881527,-1.70811,13.98,6,268.03,20 / 20,-10.497898401742226,-1.4594764911928146,0.6629364558749922,-63.68199836525898,-4.400720703996196,1.4292353694129865,False,5.197999999999979,-19.112507445340526,-0.4375942247376862,-86.79881861193277,-1.9894996278857506,19.11751666666552,268.6883999999966,-8.6146090435983,1.0218822664551284,-23.116820246673797,2.4112210761104453
934811.0,-2.3051,0.5919,10.5307,0.0403,0.0058,9.8065,0.0601,-0.2656,0.1801,332.11,-88.56,146.25,52.881527,-1.70811,13.98,6,268.03,20 / 20,-10.708151883285348,-1.4782363063331683,0.7350064558750086,-64.7423008795106,-4.547606343872529,1.4991325150005024,False,5.298000000000002,-19.13951832935701,-0.5510269653285398,-88.70452055716937,-2.044874700886442,19.14745555555468,268.35092000001015,-8.431366446071662,0.9272093410046285,-23.96221967765878,2.502731642986087
934911.0,-0.5285,-0.0542,9.1528,-0.0009,-0.0171,9.8066,0.0534,-0.037,-0.0395,331.43,-88.49,145.65,52.881527,-1.70811,13.98,6,268.03,20 / 20,-10.846761179212503,-1.4563601016959122,0.7385164558750054,-65.8200465326345,-4.6943361642738495,1.5728086605879361,False,5.397999999999911,-19.17694261358166,-0.40671717899549764,-90.61679851615072,-2.0786779585683726,19.181266666666136,268.784999999993,-8.330181434369155,1.0496429227004147,-24.796751983516216,2.615658205705477
935011.0,3.0357,-0.9586,9.675,0.0585,-0.001,9.8064,-0.0434,-0.4602,0.3487,332.8,-88.54,143.42,52.881527,-1.70811,13.98,6,268.03,20 / 20,-10.712360743279103,-1.379975718270881,0.6992414558749965,-66.89800262875933,-4.8361529552722216,1.6446965561754525,False,5.497999999999934,-19.18085442835843,-0.4454771009395463,-92.52263466573953,-2.1229335398228173,19.186027777777774,268.66954000000015,-8.468493685079327,0.9344986173313347,-25.624632036980202,2.7132194154494043
935111.0,2.0675,-1.0647,10.7563,0.0307,0.0124,9.8065,-0.0859,0.0571,-0.0645,337.92,-88.82,148.69,52.881527,-1.70811,13.98,6,268.03,20 / 20,-10.43658672893559,-1.299175738218797,0.7401414558750059,-67.9554500023703,-4.970110528096736,1.716665701762969,False,5.597999999999956,-19.262722958093022,-0.5075798314018468,-94.44148863848011,-2.167411510246917,19.269411111112287,268.4905999999975,-8.826136229157433,0.7915959068169501,-26.48603863610981,2.802699017849819
935212.0,0.6733,0.1752,8.7528,0.0883,-0.0153,9.8062,-0.0205,-0.4123,0.3254,322.15,-88.77,136.44,52.881527,-1.70811,13.98,6,268.03,20 / 20,-10.301149270695953,-1.2172826521113267,0.734879355875006,-69.00270567035169,-5.097191676808406,1.791154252756344,False,5.698999999999955,-19.322263886177108,-0.4492216277250285,-96.39308847548412,-2.212334260357755,19.32748611110863,268.6681699999921,-9.021114615481155,0.7680610243862982,-27.390382805132433,2.884857416450651
935312.0,-2.99,1.0448,9.1543,0.0356,-0.0095,9.8066,-0.0427,0.0651,-0.0308,331.5,-88.8,145.44,52.881527,-1.70811,13.98,6,268.03,20 / 20,-10.442785487481549,-1.1510237056689872,0.6495693558749867,-70.0399024082608,-5.215606994697449,1.8603766883438593,False,5.798999999999978,-19.294236118297995,-0.4829800533358482,-98.31234506131092,-2.2568122314679258,19.300280555556384,268.5660500000031,-8.851450630816446,0.668043652333139,-28.27244265305012,2.9587947632295233
935412.0,-1.1485,0.101,9.7388,0.0458,-0.0175,9.8064,0.0069,-0.2019,0.1213,333.71,-88.97,147.03,52.881527,-1.70811,13.98,6,268.03,20 / 20,-10.652861411583997,-1.1327101301345786,0.6135593558749785,-71.09468475321432,-5.329793686487653,1.923533123931372,False,5.899000000000001,-19.267888932270793,-0.40872639139889183,-100.23811055871445,-2.301290201184702,19.272225000000407,268.7847799999968,-8.615027520686796,0.7239837387356867,-29.14342580550013,3.028503485302951
935514.0,-1.3157,0.0097,10.2565,0.0204,0.017,9.8066,0.0478,-0.1949,0.1558,322.68,-88.77,140.55,52.881527,-1.70811,13.98,6,268.03,21 / 22,-10.766412665054856,-1.1288742148610644,0.6330413558749738,-72.18706773112264,-5.445134488082403,1.9871097602306043,False,6.000999999999976,-19.313920722481168,-0.37729373710656605,-102.20239270812212,-2.335538238584413,19.31760555555556,268.88088,-8.547508057426311,0.7515804777544983,-30.01532497699948,3.1095962494979905
935611.0,0.4521,0.134,9.6434,0.0174,0.0146,9.8065,0.0707,-0.2211,0.0537,319.8,-88.8,137.64,52.881527,-1.70811,13.98,6,268.03,21 / 22,-10.817289111889563,-1.0866092665159324,0.646941455874971,-73.23387726730422,-5.552585436929165,2.049188926600464,False,6.097999999999956,-19.270202172320584,-0.3803559849623644,-104.06394141812977,-2.3786818712542557,19.27395555555493,268.8692399999999,-8.45291306043102,0.706253281553568,-30.83006415082555,3.1739035656749097
935712.0,-1.1736,-0.119,10.8185,0.0233,-0.0157,9.8066,0.0529,0.2117,-0.0208,324.74,-88.71,142.26,52.881527,-1.70811,13.98,6,268.03,21 / 22,-10.860891989350552,-1.0416476403425325,0.6897957558749707,-74.32862541291684,-5.660062410725517,2.1166941557938355,False,6.198999999999955,-19.317811388753768,-0.42812887468654115,-106.00889813920878,-2.4236046206931365,19.32255555555338,268.7304000000061,-8.456919399403215,0.6135187656559914,-31.680272726291946,3.23645779003238
935812.0,4.1496,-1.5825,10.1355,-0.0407,-0.0042,9.8065,0.0663,0.1841,-0.3485,321.97,-88.57,155.04,52.881527,-1.70811,13.98,6,268.03,21 / 22,-10.703629125629588,-0.9510924686207062,0.756830755874986,-75.40685146866609,-5.759699416173701,2.18902548138135,False,6.298999999999978,-19.384848421314835,-0.3620624231255483,-107.94137385471713,-2.457074294295323,19.388230555553616,268.92996999999406,-8.681219295685247,0.5890300454951578,-32.53452238605104,3.302625121878378
935912.0,-3.3806,-1.7646,9.2529,0.0571,0.0099,9.8064,0.0657,0.2764,-0.3224,308.66,-88.38,145.64,52.881527,-1.70811,13.98,6,268.03,21 / 22,-10.547278764374779,-1.0113948200782819,0.7455857558749835,-76.46939686316655,-5.857823780608673,2.2641463069688657,False,6.399000000000001,-19.280478465312267,-0.37442802396240593,-109.86727355648328,-2.501441069787767,19.28411388889044,268.8874500000007,-8.733199700937488,0.6369667961158759,-33.39787669331673,3.3563827108209057
936012.0,-0.6032,-0.7363,11.0861,0.0027,-0.0499,9.8064,-0.1036,0.3595,-0.0584,336.76,-88.63,152.74,52.881527,-1.70811,13.98,6,268.03,21 / 22,-10.607982585133973,-1.1824468198502687,0.7818707558749506,-77.52715993064103,-5.967515862605,2.340519132556293,False,6.49899999999991,-19.374749554644296,-0.30206600119964555,-111.79310615606599,-2.5239024458954664,19.37710555555546,269.1067799999998,-8.766766969510323,0.8803808186506231,-34.265946225424955,3.443613416709534
936112.0,-1.9024,-0.566,9.543,-0.0049,-0.0189,9.8066,-0.0772,0.0264,-0.0497,343.72,-88.32,154.73,52.881527,-1.70811,13.98,6,268.03,21 / 22,-10.696010294461315,-1.2180330837169269,0.8326607558749621,-78.59235957462104,-6.087539857783388,2.421245708143807,False,6.598999999999933,-19.48357219817072,-0.29829667698405804,-113.73886810345267,-2.5461414300606777,19.485855555557052,269.1228600000002,-8.787561903709404,0.9197364067328688,-35.14650852883163,3.54139842772271
936212.0,0.1592,-0.3491,9.8587,-0.0187,0.0329,9.8065,0.0433,0.2404,-0.0998,339.99,-88.58,151.85,52.881527,-1.70811,13.98,6,268.03,21 / 22,-10.75558629747257,-1.2217503489376458,0.8220807558749598,-79.66493940421798,-6.209529029416144,2.5039827837313218,False,6.698999999999955,-19.484785525060616,-0.22789037871274803,-115.6781882413047,-2.5683804156035674,19.48611944444448,269.3299099999909,-8.729199227588046,0.9938599702248978,-36.01324883708672,3.6411486138125766
936312.0,1.0184,0.1383,10.2988,-0.0114,-0.0056,9.8066,0.0591,0.1326,-0.125,317.34,-88.54,150.5,52.881527,-1.70811,13.98,6,268.03,21 / 22,-10.713773390025612,-1.1325904998127938,0.849290755874966,-80.73840738859313,-6.3272460718536925,2.5875513593188373,False,6.798999999999978,-19.543951413082887,-0.3052184371361775,-117.63072750897678,-2.6016276993633496,19.54633611110932,269.10529000000673,-8.830178023057275,0.8273720626766163,-36.892320120383644,3.725618372490343
936412.0,1.7565,1.4365,9.4885,-0.015,-0.0258,9.8065,-0.0575,0.2126,-0.1343,308.83,-88.41,151.07,52.881527,-1.70811,13.98,6,268.03,21 / 22,-10.703484952613383,-0.918788626491819,0.8579907558749681,-81.80927030572532,-6.429815028168947,2.6729154349063533,False,6.899000000000001,-19.631412279854374,-0.32602876526160207,-119.59004409697769,-2.634986176654469,19.634119444443154,269.04855000000083,-8.92792732724099,0.592759861230217,-37.78077379125237,3.794828851514478
936512.0,-0.7414,-1.64,10.2967,0.0084,0.0074,9.8066,0.0771,0.0216,-0.0214,350.63,-88.41,149.41,52.881527,-1.70811,13.98,6,268.03,22 / 22,-10.73066588996308,-0.8319523872632065,0.8665857558749603,-82.88097784785317,-6.517352078856619,2.7591442604937715,False,6.99899999999991,-19.54271815817653,-0.22139881248057858,-121.53614155528155,-2.6573363571304265,19.5439750000001,269.3509399999997,-8.812052268213451,0.610553574782628,-38.65516370742837,3.8600157217261923
936612.0,0.3535,-0.0795,8.881,0.0029,-0.0128,9.8065,-0.0936,-0.0222,0.1232,7.55,-88.29,152.25,52.881527,-1.70811,13.98,6,268.03,22 / 22,-10.70840906008421,-0.8678944343186149,0.8448057558749554,-83.95293159535578,-6.602344419935729,2.844713836081287,False,7.098999999999933,-19.692355852658324,-0.2104662029265977,-123.50203415701363,-2.679575341988815,19.69348055555764,269.38766000000044,-8.983946792574114,0.6574282313920172,-39.54910256165785,3.9227690779469144
936712.0,-0.1255,-0.7579,10.8759,-0.0067,-0.0225,9.8066,-0.0428,-0.0742,-0.0646,358.05,-88.43,152.78,52.881527,-1.70811,13.98,6,268.03,22 / 22,-10.66402168568219,-0.8565284663566125,0.8519857558749572,-85.02155313264434,-6.68856556496951,2.929553411668802,False,7.198999999999955,-19.78194350566934,-0.2919905803237867,-125.47477118108533,-2.712822625739782,19.784099999996084,269.1543600000103,-9.11792181998715,0.5645378860328258,-40.45321804844099,3.975742939229728
936812.0,0.8078,-1.5014,10.7267,0.0339,-0.0231,9.8066,-0.0452,0.0811,-0.0009,303.55,-88.22,151.09,52.881527,-1.70811,13.98,6,268.03,22 / 22,-10.585967607061416,-0.844989928949277,0.9514507558749798,-86.08405259728177,-6.773641484734823,3.0197252372563193,False,7.298999999999978,-19.773329226237205,-0.38221481014940184,-127.44757530749203,-2.757189401232037,19.77702500000024,268.8926200000077,-9.187361619175789,0.4627751187998752,-41.36352271021026,4.016452083502786
936912.0,-0.4129,-0.6639,9.9908,0.0146,-0.0038,9.8066,-0.0163,0.039,0.0051,302.89,-88.17,157.63,52.881527,-1.70811,13.98,6,268.03,22 / 22,-8.938755070305959,-0.7070828509515374,0.8556616424937435,-87.06028873115037,-6.851245123729882,3.110080857174776,False,7.399000000000001,-19.83779449872914,-0.32573393993453353,-129.42702254982527,-2.790659074140915,19.840469444443503,269.0592899999975,-10.89903942842318,0.3813489110170039,-42.3667338186749,4.0605860495889665
937012.0,0.4257,-0.5108,9.495,-0.0063,-0.0128,9.8066,0.0499,-0.1542,-0.0535,328.0,-88.15,156.44,52.881527,-1.70811,13.98,6,268.03,22 / 22,-8.90916849183887,-0.6925345100480476,0.8492866424937494,-87.95268490925679,-6.921225991779798,3.195328271424073,False,7.49899999999991,-19.86415148690109,-0.3173358759184537,-131.40653689433748,-2.8240175521251727,19.866686111111086,269.08475999999996,-10.95498299506222,0.37519863412959387,-43.45385198508069,4.097208439654625
937112.0,-1.7997,0.6893,9.5925,0.0304,0.0052,9.8066,-0.0574,-0.0461,0.1716,322.8,-88.07,153.48,52.881527,-1.70811,13.98,6,268.03,22 / 22,-8.978241683818492,-0.6657907334748324,0.8229966424937434,-88.84705541803986,-6.989142253955957,3.2789424356734664,False,7.598999999999933,-19.960230860044476,-0.441618432437313,-133.39933747071538,-2.868384328311109,19.965119444445808,268.73255999999515,-10.981989176225984,0.2241723010375194,-44.55228205267552,4.120757925644848
937212.0,1.2981,1.0726,10.2379,-0.0318,-0.0107,9.8066,0.0088,-0.2254,0.1068,314.67,-88.16,158.91,52.881527,-1.70811,13.98,6,268.03,22 / 22,-9.078768746280918,-0.546277351527524,0.8338516424937459,-89.74990593954503,-7.0497456582060885,3.3617848499228598,False,7.698999999999955,-19.980890792812843,-0.33555292739965276,-135.38562913540045,-2.9018540005239273,19.98371111111034,269.03787999998644,-10.902122046531925,0.21072442412787123,-45.63572319585542,4.147891657682161
937312.0,0.9761,0.1702,9.5996,0.019,0.0119,9.8065,0.0753,-0.1916,0.1371,307.66,-88.12,157.68,52.881527,-1.70811,13.98,6,268.03,22 / 22,-9.071828383600803,-0.3585248345782509,0.8450616424937485,-90.65743579603932,-7.094985767511387,3.4457305141722534,False,7.798999999999978,-20.074150640689155,-0.44290400584564543,-137.39178304583407,-2.946220776002036,20.079038888886053,268.73608000000905,-11.002322257088352,-0.08437917126739453,-46.73434724979475,4.148764991509351
937412.0,1.6786,0.1578,9.8818,0.0001,-0.0242,9.8066,-0.0556,-0.0253,0.0132,344.43,-87.95,160.26,52.881527,-1.70811,13.98,6,268.03,22 / 22,-7.630505935291661,-0.19006762130584187,0.712696646119685,-91.49255251198413,-7.122415390305598,3.523618428602943,False,7.899000000000001,-20.13044150632432,-0.401724422459343,-139.39813826281332,-2.990698747112239,20.134449999999195,268.85674999999816,-12.499935571032658,-0.2116568011535011,-47.90558575082919,4.131716643193359
937512.0,-1.0996,-1.4804,9.9111,0.012,-0.0174,9.8066,-0.0189,-0.3191,0.1689,4.12,-87.72,161.07,52.881527,-1.70811,13.98,6,268.03,21 / 22,-7.588445919992656,-0.17059800120352941,0.7216766461196769,-92.25350010474766,-7.1404486714310496,3.595337093214846,False,7.99899999999991,-20.198165029398023,-0.41241256533633436,-141.41113659574174,-3.0351767175292146,20.202374999999932,268.83028,-12.609719109405367,-0.24181456413280494,-49.15763649099408,4.105271953901835
937612.0,-0.1112,-0.3893,9.6506,0.0278,-0.0182,9.8065,-0.0235,-0.019,0.0388,0.45,-87.79,163.3,52.881527,-1.70811,13.98,6,268.03,21 / 22,-6.479000421193257,-0.17316970176889854,0.6112321492017249,-92.95687242180712,-7.1576370565796745,3.661982532980931,False,8.098999999999933,-20.25090993954794,-0.5872558063624962,-143.43084514679217,-3.101671283642199,20.25943055555634,268.33895999999316,-13.771909518354684,-0.4140861045935976,-50.473972724985046,4.055965772937475
937712.0,2.3795,0.6186,9.4182,0.0325,0.0506,9.8064,0.0202,-0.4523,0.2002,289.57,-87.96,168.68,52.881527,-1.70811,13.98,6,268.03,21 / 22,-6.481002864213329,-0.01791640025837743,0.5840071492017188,-93.60487258607759,-7.1671913616810405,3.721744497901117,False,8.198999999999955,-20.343589803986646,-0.3813656864343007,-145.45726391578984,-3.1243550489027174,20.347174999996167,268.926019999974,-13.862586939773317,-0.36344928617592326,-51.85239132971225,4.042836312778324
937812.0,1.6757,1.7197,10.2901,0.0133,0.0339,9.8066,0.0833,0.1336,-0.1508,313.41,-87.88,159.25,52.881527,-1.70811,13.98,6,268.03,21 / 22,-6.507909488148115,0.27864212300343016,0.5887571492017201,-94.25431820369582,-7.154155075543785,3.7803827128213023,False,8.298999999999978,-20.41163070441313,-0.4345038182527791,-147.49703601898895,-3.1686106294631604,20.416255555553526,268.7805300000045,-13.903721216265016,-0.7131459412562093,-53.24271781529313,3.9855444460806244
937912.0,2.3696,-1.7376,10.6195,0.0746,-0.0135,9.8063,-0.0191,-0.3072,0.2662,342.77,-87.47,156.74,52.881527,-1.70811,13.98,6,268.03,21 / 22,-6.378864138107501,0.4130618988970838,0.6535721492017349,-94.89865688500875,-7.119569874448751,3.842499177741489,False,8.399000000000001,-20.527227324790573,-0.5202025488851126,-149.550228558442,-3.235105195575513,20.53381944444271,268.54833000000343,-14.148363186683072,-0.9332644477821964,-54.65157167343325,3.884464678873238
938012.0,-2.6899,0.1286,9.9822,0.0319,-0.0083,9.8066,-0.042,0.1756,-0.126,2.74,-87.58,161.71,52.881527,-1.70811,13.98,6,268.03,21 / 22,-6.352105178395356,0.4378237782647165,0.7029921492016901,-95.53520535083331,-7.0770255905907,3.910327392661599,False,8.49899999999991,-20.504390273922763,-0.4417585576298572,-151.59026907036596,-3.2798055558413255,20.509150000000027,268.7657799999997,-14.152285095527407,-0.8795823358945738,-56.055063719532654,3.7972200347493743
938112.0,0.1901,-0.6772,9.5915,0.0249,-0.0076,9.8066,0.0082,-0.0492,0.1201,357.27,-87.54,165.68,52.881527,-1.70811,13.98,6,268.03,21 / 22,-6.4453494301382825,0.47466634042332384,0.7010121492016897,-96.17507808126014,-7.031401084656287,3.980527607581784,False,8.598999999999933,-20.627567393565105,-0.3091886710050763,-153.6501047257577,-3.3022669312484965,20.629888888890562,269.1412300000052,-14.182217963426822,-0.7838550114284002,-57.47502664449756,3.7291341534077906
938212.0,-2.7837,0.9502,8.7902,0.0273,0.0194,9.8065,0.0284,0.3489,-0.2207,358.49,-87.63,169.06,52.881527,-1.70811,13.98,6,268.03,21 / 22,-6.547065890669513,0.5436071487299718,0.6394321492016758,-96.82469884730068,-6.980487410198611,4.047549822501967,False,8.698999999999955,-20.731254998862912,-0.4380327648399088,-155.71678480345636,-3.3575308100080457,20.735886111106506,268.7895900000156,-14.184189108193399,-0.9816399135698806,-58.89208595615568,3.6229566001905655
938312.0,2.5986,-1.6383,9.6953,0.0058,0.0068,9.8066,-0.0916,0.0047,-0.0385,0.44,-87.69,171.27,52.881527,-1.70811,13.98,6,268.03,21 / 22,-6.528987640941056,0.562216531877332,0.5830421492016631,-97.47850152388136,-6.925196226168233,4.108673537422148,False,8.798999999999978,-20.79179511502281,-0.39352578175367303,-157.79017509943444,-3.3911116778488677,20.7955194444427,268.9156899999962,-14.262807474081756,-0.955742313631005,-60.31167357555307,3.5340845483193655
938412.0,-2.5789,-0.1422,9.9078,0.0651,-0.0048,9.8064,0.1257,-0.3704,0.1719,255.2,-87.75,169.98,52.881527,-1.70811,13.98,6,268.03,21 / 22,-6.376358060353283,0.3920822079931473,0.582532149201663,-98.12376880894622,-6.877481289174698,4.166952252342328,False,8.899000000000001,-20.82182215083758,-0.3468329684586337,-159.8636324975824,-3.424470155833163,20.824711111110688,269.04569999999813,-14.445464090484297,-0.738915176451781,-61.73986368863616,3.4530111333415348
938512.0,-0.7249,0.1331,8.7958,0.0347,-0.0316,9.8065,-0.1198,0.3302,-0.0865,225.78,-87.61,174.36,52.881516,-1.710504,20.76,4,268.83,22 / 22,-6.37853180490891,0.23626383226419218,0.5370471492017044,-98.76151330220875,-6.84606398716186,4.222931217262445,False,8.99899999999991,-20.8856668222765,-0.2708976952388068,-161.94373301166615,-3.4468203363161942,20.887424999999936,269.2568799999998,-14.507135017367592,-0.507161527502999,-63.1822197094574,3.3992436508456656
938612.0,-3.8641,-2.432,9.4007,0.0379,0.0052,9.8065,-0.1256,-0.2145,0.1775,311.67,-87.8,172.63,52.881516,-1.710504,20.76,4,268.83,22 / 22,-6.4381509946207265,0.001289257302884872,0.4662071492016884,-99.40234744218539,-6.834186332683503,4.2730939321826265,False,9.098999999999933,-20.956447914616334,-0.4057845678574601,-164.03718685978382,-3.502084214379005,20.960380555556558,268.8907199999949,-14.518296919995606,-0.40707382516034496,-64.63483941759843,3.3321021183044977
938713.0,1.2299,-0.3882,10.959,-0.0642,-0.0027,9.8064,-0.0172,-0.4344,0.259,340.55,-87.71,171.03,52.881516,-1.710504,20.76,4,268.83,22 / 22,-6.418247104941399,-0.16110114857750518,0.5039003492016881,-100.05159554621326,-6.842256833192871,4.3220843608519965,False,9.199999999999932,-20.98671311088554,-0.30220786134099664,-166.15171079270226,-3.524879174563913,20.988888888887658,269.1749999999872,-14.56846600594414,-0.14110671276349146,-66.100115246489,3.317377658628958
938812.0,-2.0585,-1.3917,11.2718,0.0259,0.0244,9.8065,0.1211,-0.3273,0.1869,327.28,-87.43,164.91,52.881516,-1.710504,20.76,4,268.83,22 / 22,-6.401522706494028,-0.2084172172107343,0.633466599201749,-100.68617415187961,-6.860547992299398,4.3783840247979935,False,9.298999999999978,-21.069432127212504,-0.34236346843982157,-168.23100608060903,-3.568912365268791,21.07221388888641,269.06907000000314,-14.667909420718477,-0.13394625122908727,-67.54483192872942,3.291635627030607
938912.0,2.0342,0.5149,8.896,-0.0242,-0.0339,9.8065,0.0738,-0.2032,0.2218,334.89,-87.31,171.9,52.881516,-1.710504,20.76,4,268.83,22 / 22,-6.371085270411901,-0.19162996052656237,0.6611915992017554,-101.32480455072505,-6.880550351186267,4.443116934718184,False,9.399000000000001,-21.084250853389698,-0.3925581280805883,-170.3379474671862,-3.602382038877919,21.087905555555334,268.93336000000204,-14.713165582977798,-0.20092816755402595,-69.01314291646116,3.278168312308348
939012.0,0.984,-0.4283,9.8912,0.0138,0.0061,9.8066,0.0215,-0.2877,0.1913,337.53,-87.36,174.04,52.881516,-1.710504,20.76,4,268.83,22 / 22,-6.232242489200694,-0.06162568163659496,0.619886599201793,-101.9549709387051,-6.893213133294413,4.507170844638303,False,9.49899999999991,-21.172601850691294,-0.3335901599067231,-172.44495595590305,-3.6357405161689997,21.175230555555462,269.09732999999983,-14.9403593614906,-0.27196447827012815,-70.48998501719795,3.2574726171254134
939112.0,1.3326,-0.7166,9.6729,0.0115,-0.0076,9.8066,0.1262,0.0041,-0.0638,345.61,-87.27,176.07,52.881516,-1.710504,20.76,4,268.83,22 / 22,-6.095141616646033,-0.017041146710469864,0.6174265992017925,-102.57134014399757,-6.897146474711767,4.569036504558496,False,9.598999999999933,-21.22316432720554,-0.3726535768014643,-174.55860756058664,-3.6690989948464723,21.22643611111181,268.9940599999985,-15.12802271055951,-0.35561243009099447,-71.98726741658906,3.2280474798652947
939212.0,-0.1166,-0.2512,9.7156,0.0583,-0.0241,9.8064,-0.1057,-0.2015,0.2214,351.86,-87.34,176.92,52.881516,-1.710504,20.76,4,268.83,22 / 22,-6.007796231430853,0.013585652236681251,0.6061865992017901,-103.17648703640155,-6.897319249435457,4.630217164478689,False,9.698999999999955,-21.262402701433544,-0.37557265314223504,-176.67896938322417,-3.7134657703361924,21.26571944444274,268.9880500000002,-15.254606470002692,-0.38915830537891627,-73.50248234682262,3.1838534790992643
939312.0,-1.6567,-0.8938,10.2588,0.0025,0.0196,9.8065,-0.1688,0.0999,0.0754,357.02,-87.34,174.26,52.881516,-1.710504,20.76,4,268.83,22 / 22,-6.06820541480662,0.011365823728808365,0.6242415992017943,-103.78028711871356,-6.896071675637182,4.691738574398882,False,9.798999999999978,-21.377440639217777,-0.24609012769995056,-178.81268454006994,-3.7249188468428818,21.378861111107753,269.3404399999895,-15.309235224411157,-0.25745595142875893,-75.03239742135638,3.1711528287943
939412.0,1.8932,0.2515,8.8769,0.0141,-0.0018,9.8066,0.0435,-0.1768,0.0331,352.72,-87.19,173.35,52.881516,-1.710504,20.76,4,268.83,22 / 22,-6.031861295510921,0.04671058328316352,0.600361599201789,-104.38529045422958,-6.893167855286583,4.752968734319075,False,9.899000000000001,-21.447872846395867,-0.24742841432519236,-180.94653390128028,-3.7580549356641155,21.44929999999897,269.3390500000001,-15.416011550884946,-0.2941389976083559,-76.5612434470507,3.1351129196224674
939512.0,-2.0736,0.259,9.2687,0.0418,0.0164,9.8065,0.0504,0.2085,-0.1782,351.83,-87.18,172.49,52.881516,-1.710504,20.76,4,268.83,21 / 21,-6.022304026420196,0.13016207309662492,0.5269765992018558,-104.98799872032558,-6.884324222467601,4.809335644239206,False,9.99899999999991,-21.503937674943984,-0.2633304693181731,-183.0936694943514,-3.7804051161542196,21.50554999999994,269.29841000000005,-15.481633648523788,-0.39349254241479803,-78.10567077402581,3.1039191063133815
939612.0,2.0606,0.2186,10.5871,0.0223,-0.0257,9.8065,-0.0805,0.0435,-0.0021,352.63,-87.25,173.15,52.881516,-1.710504,20.76,4,268.83,21 / 21,-6.00432115162576,0.21321818011739233,0.5391015992018586,-105.58932997922801,-6.867155209806897,4.862639554159403,False,10.098999999999933,-21.56184621087722,-0.16582460845363023,-185.2342961758755,-3.791635803511217,21.56248611111189,269.55936000000366,-15.55752505925146,-0.3790427885710226,-79.64496619664749,3.0755194062956797
939712.0,-0.9197,-1.7669,10.5957,0.0386,-0.0047,9.8065,-0.1085,0.3164,-0.1471,351.3,-87.08,168.93,52.881516,-1.710504,20.76,4,268.83,21 / 21,-5.914245861794045,0.204002503530601,0.6175765992018766,-106.18525832989914,-6.846294175624492,4.9204734640796035,False,10.198999999999955,-21.697568622387386,-0.21461597173006455,-187.40142821878985,-3.8137635941370776,21.698630555549595,269.43330000000566,-15.783322760593341,-0.41861847526066553,-81.2161698888907,3.0325305814874146
939811.0,1.942,-0.9338,8.7396,-0.0206,-0.003,9.8066,-0.059,0.2065,-0.081,351.67,-87.11,172.23,52.881516,-1.710504,20.76,4,268.83,21 / 21,-5.823534404782744,0.1394337608105536,0.6038155992018702,-106.76627845309497,-6.829294080539597,4.980932377900618,False,10.298000000000002,-21.747137928458834,-0.28442305996774925,-189.55373067979616,-3.8466772917235983,21.74899999999853,269.25070000000545,-15.923603523676089,-0.42385682077830283,-82.78745222670119,2.982616788815999
939912.0,-0.6874,0.0047,8.8727,0.0062,0.0112,9.8066,-0.0399,0.1766,-0.1644,351.16,-87.23,171.79,52.881516,-1.710504,20.76,4,268.83,21 / 21,-5.732990157644839,0.16371297003673096,0.5027650992018712,-107.34988294349756,-6.81398517063181,5.036814703170006,False,10.399000000000001,-21.79692566068791,-0.16782655992893253,-191.7429393404703,-3.858352759471433,21.79757499999929,269.5588499999954,-16.063935503043073,-0.3315395299656635,-84.39305639697272,2.955632411160377
940012.0,-1.326,-2.4842,10.6469,-0.0115,-0.0301,9.8065,-0.1553,0.2512,-0.0998,348.29,-87.58,172.19,52.881516,-1.710504,20.76,4,268.83,21 / 21,-5.787713121021793,0.08536912561148877,0.4980800992018755,-107.92591810743036,-6.80153106584941,5.086856963090148,False,10.49899999999991,-21.906846226999342,-0.20229944878971345,-193.9302691400771,-3.880480550105627,21.90778055555544,269.47092000000015,-16.11913310597755,-0.2876685744012022,-86.00435103264672,2.921050515743783
940111.0,-2.0594,-0.3023,11.2222,0.0144,-0.0106,9.8066,-0.0684,0.0999,-0.0248,351.94,-87.45,172.42,52.881516,-1.710504,20.76,4,268.83,21 / 21,-5.906654014898101,-0.016442413880088394,0.609742199201928,-108.50478928065867,-6.798119193618704,5.141694166861162,False,10.597999999999956,-21.994724767803135,-0.1417563624168426,-196.09592493515623,-3.8916000425383706,21.99518333333455,269.63072000000227,-16.088070752905033,-0.1253139485367542,-87.59113565449756,2.9065191510803334
940212.0,-1.7097,0.3813,10.4409,-0.0418,-0.0138,9.8065,0.0797,0.2334,-0.241,349.75,-87.28,173.18,52.881516,-1.710504,20.76,4,268.83,21 / 21,-6.075480039977819,0.019471199978927878,0.7132570992019271,-109.1098870504299,-6.797966239920712,5.2085056314305564,False,10.698999999999955,-21.968212704892125,0.0729925476552257,-198.3053313522258,-3.869805837385218,21.9683444444457,270.19037999997556,-15.892732664914305,0.05352134767629782,-89.1954443017959,2.9281604025354944
940312.0,-0.8518,-2.0462,10.4924,-0.0085,0.0068,9.8065,0.0215,0.0149,-0.0363,344.48,-87.16,168.8,52.881516,-1.710504,20.76,4,268.83,21 / 21,-6.160514476689301,-0.02441438462378595,0.7792570992019422,-109.7216867762634,-6.798213399152956,5.283131341350767,False,10.798999999999978,-21.977861846807887,-0.0626672593594933,-200.49950557428923,-3.880591745036651,21.977955555555262,269.8366300000107,-15.817347370118586,-0.03825287473570735,-90.77781879802583,2.9176216541163047
940413.0,0.7701,-0.3496,10.1875,-0.0134,-0.0213,9.8066,-0.03,0.2915,-0.0406,349.86,-87.1,170.71,52.881516,-1.710504,20.76,4,268.83,21 / 21,-6.116560210349303,-0.08287433814594475,0.8331203992019418,-110.34167904795883,-6.803631479652827,5.364556405020163,False,10.899999999999977,-22.063525143576367,-0.12669309354547556,-202.72239952990986,-3.8918224323865624,22.06388888888762,269.6710000000024,-15.946964933227065,-0.04381875539953081,-92.38072048195103,2.9118090472662645
940512.0,1.1137,0.6497,10.1792,-0.0245,-0.0293,9.8065,-0.0017,-0.0757,0.052,353.31,-86.85,174.09,52.881516,-1.710504,20.76,4,268.83,21 / 21,-6.004214521952155,0.005683557732593533,0.8704136992019165,-110.94165739720735,-6.807452423283285,5.448881342891096,False,10.99899999999991,-22.123172215046665,-0.2317850867407125,-204.90798467280126,-3.9248473255906564,22.124388888888824,269.3997400000003,-16.118957693094508,-0.237468644473306,-93.96632727559391,2.882605097692629
940612.0,1.7276,-0.587,9.5117,0.0237,-0.0221,9.8065,-0.0276,0.1517,-0.132,350.78,-86.68,172.13,52.881516,-1.710504,20.76,4,268.83,21 / 21,-5.841253797363531,0.09027586425838897,0.8742936992019174,-111.53393081317327,-6.802654452183735,5.536116712811308,False,11.098999999999933,-22.1605079144392,-0.3098273368898623,-207.11564643328654,-3.958205803574952,22.16267500000052,269.1989999999973,-16.31925411707567,-0.40010320114825126,-95.58171562011327,2.8444486486087834
940712.0,-0.8458,0.5214,8.6643,0.0214,0.0087,9.8066,-0.0688,0.0782,0.0028,359.24,-86.72,174.95,52.881516,-1.710504,20.76,4,268.83,21 / 21,-5.769382515284483,0.16028334888256066,0.8024286992019011,-112.1144626288058,-6.790126491526685,5.619952832731517,False,11.198999999999955,-22.211520600998615,-0.21420053296730213,-209.3299513095638,-3.969547685855086,22.21255555555338,269.447469999989,-16.44213808571413,-0.3744838818498628,-97.215488680758,2.820578805671599
940813.0,-1.1079,-1.2276,10.4312,0.0007,0.0027,9.8066,0.1475,0.1123,-0.2017,0.69,-87.04,174.28,52.881516,-1.710504,20.76,4,268.83,21 / 21,-5.839161584566968,0.18274499283062098,0.7762797992019015,-112.70069410584829,-6.7728035602701695,5.699677611900908,False,11.299999999999955,-22.253181007077888,-0.1774985779840164,-211.56646700796583,-3.9807783739123126,22.253888888887676,269.5429999999973,-16.41401942251092,-0.36024357081463737,-98.86577290211754,2.792025186357857
940913.0,-0.0471,-0.7033,9.3446,0.0084,-0.0036,9.8066,-0.0262,-0.004,0.0016,0.61,-87.06,172.44,52.881516,-1.710504,20.76,4,268.83,21 / 21,-5.867659919205153,0.1439852335014525,0.7844047992019034,-113.28603518103702,-6.756467048953562,5.777711841821116,False,11.399999999999977,-22.281092619190538,-0.1948330576237719,-213.78754920468978,-4.003017359470622,22.28194444444403,269.49900000000065,-16.413432699985385,-0.33881829112522444,-100.50151402365276,2.75344968948294
941014.0,-0.717,0.9795,9.6548,-0.0033,0.0163,9.8066,0.0082,-0.1479,0.0776,359.67,-87.14,172.98,52.881516,-1.710504,20.76,4,268.83,21 / 21,-5.876760014237865,0.21567753091544373,0.7534028492019037,-113.87912838767589,-6.738304079350509,5.855371128065507,False,11.500999999999976,-22.296060796476457,-0.02902975061099583,-216.0308422233808,-3.992009060569212,22.29608055555556,269.9254,-16.419300782238594,-0.24470728152643956,-102.15171383570491,2.746295018781297
941112.0,-0.1035,-0.0322,10.0211,-0.0203,0.0052,9.8066,-0.0647,0.0018,0.1302,201.55,-87.26,173.17,52.881516,-1.710504,20.76,4,268.83,21 / 21,-5.916352931987556,0.2704725444514459,0.7564702492019024,-114.45699092204067,-6.7144827256575415,5.929354909887261,False,11.598999999999933,-22.292903439427658,-0.09003457413691815,-218.20750277618214,-4.0029061645327015,22.29308611111107,269.7685999999978,-16.3765505074401,-0.36050711858836404,-103.75051185414146,2.71157656112484
941212.0,-0.9202,0.3308,11.0192,-0.0172,0.0043,9.8066,0.02,0.0079,-0.0208,94.23,-87.17,171.61,52.881516,-1.710504,20.76,4,268.83,21 / 21,-5.887884136451305,0.2765507851871913,0.8278202492019187,-115.04720277546275,-6.6871315591756035,6.00856943480747,False,11.698999999999955,-22.456718900280002,-0.15147337577222264,-220.44851432056026,-4.025033954472459,22.45723055554834,269.6135500000068,-16.568834763828697,-0.4280241609594139,-105.40131154509751,2.6620976047031446
941312.0,0.1905,0.6708,9.1724,-0.0391,-0.0314,9.8065,0.1385,-0.0017,-0.0575,45.53,-87.27,171.89,52.881516,-1.710504,20.76,4,268.83,21 / 21,-5.778950852283343,0.3304946545795495,0.8567352492019252,-115.63054452489962,-6.65677928718726,6.092797209727681,False,11.798999999999978,-22.427784696680675,-0.16118144069282048,-222.6897271716414,-4.0472729400240075,22.4283638888898,269.5882400000007,-16.64883384439733,-0.49167609527237,-107.05918264674179,2.6095063471632525
941412.0,-0.6516,-0.6387,10.6438,0.0058,0.0256,9.8066,-0.0536,-0.011,0.0561,19.84,-87.14,173.87,52.881516,-1.710504,20.76,4,268.83,21 / 21,-5.735211448578069,0.35969248820819427,0.8668802492019276,-116.20625263994282,-6.622269930047865,6.178977984647893,False,11.899000000000001,-22.503634679523124,-0.16376528954446562,-224.93094002269777,-4.069511926282896,22.504230555554425,269.5830500000001,-16.768423230945054,-0.5234577777526599,-108.72468738275495,2.5527580037649686
941512.0,0.1342,-0.0642,8.9263,-0.0035,0.0101,9.8066,-0.0627,0.0577,-0.0532,350.49,-87.11,173.4,52.881516,-1.710504,20.76,4,268.83,21 / 22,-5.735921298714651,0.39139419266934916,0.8647202492019297,-116.77980927730694,-6.584715596004021,6.265558009568007,False,11.99899999999991,-22.55715976449133,-0.12831417143588306,-227.17879598972917,-4.080742612946856,22.557524999999945,269.6740799999999,-16.82123846577668,-0.5197083641052322,-110.39898671242223,2.5039729830571655
941611.0,-0.378,0.5965,9.8652,0.0143,-0.0042,9.8065,-0.0795,0.0261,-0.0054,347.65,-87.02,172.9,52.881516,-1.710504,20.76,4,268.83,21 / 22,-5.735342584276143,0.4755792010965686,0.8240411492019106,-117.34763683951525,-6.541800413012588,6.349151698789036,False,12.097999999999956,-22.677249132006477,-0.3160180786897142,-229.42396786949848,-4.124442218865774,22.67946666666838,269.20165999999335,-16.941906547730333,-0.7915972797862828,-112.07633102998324,2.4173581941468143
941712.0,0.9871,-0.4041,10.2174,0.003,0.0051,9.8066,-0.0379,-0.14,0.0869,345.54,-87.2,173.45,52.881516,-1.710504,20.76,4,268.83,21 / 22,-5.691325829152909,0.556977045039024,0.8477407992019105,-117.92468359439341,-6.489656322582741,6.433576687183429,False,12.198999999999955,-22.65775800679256,-0.2482836358298876,-231.70805901417964,-4.147348373975103,22.659119444445448,269.3721799999921,-16.96643217763965,-0.8052606808689116,-113.78337541978622,2.3423079486076377
941812.0,-0.0487,1.1711,9.9409,0.0179,-0.0065,9.8066,0.0769,-0.0644,-0.0218,343.23,-87.15,173.08,52.881516,-1.710504,20.76,4,268.83,21 / 22,-5.644560969054284,0.668390881220228,0.8749907992019167,-118.4914779343039,-6.428387926269765,6.51971326710364,False,12.298999999999978,-22.704330427466942,-0.24375603627230083,-233.96940251960604,-4.169587358833475,22.7056388888875,269.38488999999964,-17.05976945841266,-0.9121469174925289,-115.47792458530213,2.25880056743629
941912.0,-0.2269,0.008,10.2762,0.0088,0.0053,9.8066,-0.0075,-0.0334,-0.0275,344.52,-87.04,176.32,52.881516,-1.710504,20.76,4,268.83,21 / 22,-5.662235258534656,0.7845264582529471,0.9051807992019235,-119.05681774568347,-6.355742059296089,6.608721847023852,False,12.399000000000001,-22.696557038829805,-0.14714876787629816,-236.23074602502084,-4.180818046883965,22.697036111111245,269.62853999999635,-17.03432178029515,-0.9316752261292452,-117.17392827933736,2.1749240124121245
942012.0,-0.2634,-0.7727,9.5364,0.0181,-0.005,9.8066,0.032,-0.005,-0.0011,335.77,-86.92,171.83,52.881516,-1.710504,20.76,4,268.83,21 / 22,-4.811861405743712,0.6843907537142248,0.7778739293216274,-119.58052257889692,-6.282296198697797,6.692874583449953,False,12.49899999999991,-22.686704599559125,-0.12415783004274979,-238.49208953048577,-4.191937540016933,22.687044444444457,269.68643999999995,-17.874843193815412,-0.8085485837569746,-118.91156695158885,2.0903586586808647
942112.0,-0.2664,0.5319,10.2016,0.0012,-0.0096,9.8066,-0.0513,-0.0044,-0.0064,341.16,-87.01,172.06,52.881516,-1.710504,20.76,4,268.83,21 / 22,-4.822659628509066,0.7288767178385989,0.7841089293216288,-120.06224863060967,-6.21163282512014,6.770973726382134,False,12.598999999999933,-22.67779743546895,-0.1254547491873535,-240.7534330359142,-4.203057032449664,22.67814444444432,269.68303999999995,-17.855137806959885,-0.8543314670259523,-120.69118440530454,2.0085757926704764
942212.0,-0.8648,-0.6076,9.5733,-0.0211,-0.0094,9.8066,0.0079,-0.0549,0.1244,3.54,-87.1,174.4,52.881516,-1.710504,20.76,4,268.83,21 / 22,-4.867499780127155,0.7818076107992444,0.7921889293216307,-120.5467566010416,-6.136098608688231,6.849788619314315,False,12.698999999999955,-22.77196612442746,-0.20941565105338017,-243.02141965711726,-4.236193119876028,22.772930555551387,269.4731200000092,-17.904466344300307,-0.9912232618526247,-122.47466305607567,1.8999054888122027
942312.0,0.1292,0.5676,10.537,-0.0126,0.009,9.8066,-0.0524,0.0253,0.0073,19.77,-87.08,176.05,52.881516,-1.710504,20.76,4,268.83,21 / 22,-4.856561728625041,0.8284156183090927,0.8170389293216364,-121.03295967647931,-6.055587447232796,6.930250012246496,False,12.798999999999978,-22.806268994757758,-0.2566825530693917,-245.3027596125393,-4.258543301752816,22.807713888887882,269.3551700000035,-17.949707266132716,-1.0850981713784844,-124.26979993605998,1.7970441454799797
942412.0,0.7589,-0.635,9.1577,-0.0118,-0.0141,9.8066,0.0719,-0.1519,0.0255,10.93,-87.01,176.7,52.881516,-1.710504,20.76,4,268.83,21 / 22,-4.765923489778755,0.861941403163256,0.8211089293216374,-121.5140839373996,-5.971069596159159,7.012157405178678,False,12.899000000000001,-22.788640296566967,-0.14117547627252786,-247.57094754044962,-4.269773988424026,22.789080555555838,269.6450599999957,-18.02271680678821,-1.0031168794357839,-126.05686360305002,1.7012956077351333
942512.0,0.6934,0.7044,9.5738,-0.0238,-0.0195,9.8066,0.0723,0.0466,0.0062,3.53,-87.16,176.52,52.881516,-1.710504,20.76,4,268.83,23 / 23,-4.661288023458927,0.9097116963161019,0.7770189293216776,-121.98544451306105,-5.882486941185272,7.092063798110772,False,12.99899999999991,-22.898185361226062,-0.17945582706767899,-249.85893061178285,-4.291901779044074,22.89888888888877,269.5509800000001,-18.236897337767136,-1.089167523383781,-127.8734860987218,1.5905851621411982
942612.0,0.0337,-0.5787,9.6189,-0.0039,0.0187,9.8066,-0.0939,-0.0793,0.0305,357.95,-87.12,178.14,52.881516,-1.710504,20.76,4,268.83,23 / 23,-4.59138168715736,0.9708452681447556,0.7559889293216729,-122.44807799859197,-5.788459092962208,7.168714191042957,False,13.098999999999933,-22.886080438028614,-0.08760960194700079,-252.1338287578253,-4.29212416889968,22.88624999999981,269.7806700000032,-18.294698750871255,-1.0584548700917564,-129.68575075923334,1.4963349240625279
942712.0,-0.7416,-0.4084,10.5025,-0.0086,0.0242,9.8065,0.0083,-0.0436,0.0403,357.11,-86.98,177.41,52.881516,-1.710504,20.76,4,268.83,23 / 23,-4.597457748698454,0.9783784347470295,0.7813939293216787,-122.90751997038487,-5.6909979078175965,7.2455833339751425,False,13.198999999999955,-22.96539849538139,-0.18380818817150596,-254.42852204711608,-4.314140763901189,22.96613611110759,269.5414400000106,-18.367940746682937,-1.1621866229185354,-131.5210020767312,1.376857143916408
942812.0,-0.5231,0.8975,9.7255,0.0202,-0.015,9.8066,0.07,-0.0047,-0.0874,355.05,-86.89,172.18,52.881516,-1.710504,20.76,4,268.83,23 / 23,-4.637678699806554,1.0578803409884623,0.8121289293216858,-123.36927679281023,-5.589184969030799,7.325259476907329,False,13.298999999999978,-22.93885690893479,-0.11956496315745473,-256.71013041127696,-4.325371452652077,22.93916944444527,269.70135999999513,-18.301178209128235,-1.177445304145917,-133.34085361846672,1.2638135163787219
942912.0,-1.1411,-0.6039,9.7356,0.0046,-0.0209,9.8066,0.0781,0.1665,-0.1871,354.14,-86.85,170.92,52.881516,-1.710504,20.76,4,268.83,23 / 23,-4.697113002420758,1.124437590070812,0.8045189293216841,-123.8360163779217,-5.480069072477811,7.406091869839516,False,13.399000000000001,-23.06987146801435,-0.1849668404530874,-259.0115339188649,-4.347499241892706,23.070613888886935,269.5406400000024,-18.372758465593595,-1.3094044305238992,-135.17551754094325,1.1325698305851049
943012.0,1.466,-0.1171,10.4615,-0.0504,0.0324,9.8064,-0.0226,-0.0165,0.1087,2.1,-86.92,173.74,52.881516,-1.710504,20.76,4,268.83,23 / 23,-4.650006323902545,1.1382685628483102,0.8337089293216575,-124.30337234423743,-5.366933764831957,7.488003262771609,False,13.49899999999991,-23.02150445093813,-0.07186485013610679,-261.2998525011309,-4.347721631734469,23.021619444444497,269.8211499999997,-18.371498127035586,-1.210133412984417,-136.99648015689345,1.0192121330974881
943111.0,0.5329,-1.2931,8.0104,-0.0119,0.0243,9.8066,0.0242,-0.0562,-0.0008,8.53,-86.9,178.25,52.881516,-1.710504,20.76,4,268.83,23 / 23,-4.526607991279172,1.1164030004311403,0.7772096293216311,-124.75761475283913,-5.255327522449572,7.567743731424489,False,13.597999999999956,-23.10605089690864,-0.3148602978099945,-263.5848830765038,-4.380412940159057,23.10822222222345,269.21933999999146,-18.57944290562947,-1.4312632982411349,-138.82726832366467,0.8749145822905149
943212.0,0.4792,-0.2972,8.8851,-0.0062,-0.0281,9.8066,0.005,0.2687,-0.1435,4.63,-86.58,-178.86,52.881516,-1.710504,20.76,4,268.83,23 / 23,-4.450334836096341,1.0850685902585386,0.6399607293216324,-125.21095036562158,-5.144153207119744,7.639310834535973,False,13.698999999999955,-23.185715962714955,-0.26883063548633995,-265.9229243748618,-4.414105002920785,23.187274999996603,269.33569999999435,-18.735381126618613,-1.3538992257448785,-140.7119740092402,0.7300482041989591
943314.0,0.1891,-0.4515,10.5355,0.047,-0.0455,9.8064,0.0986,0.0517,-0.1485,6.05,-86.68,-177.34,52.881516,-1.710504,20.76,4,268.83,23 / 23,-4.38441253262634,1.0995704387481045,0.6301330293216348,-125.66152248142633,-5.032736616640432,7.704085616226764,False,13.80099999999993,-23.29504540757239,-0.34061917538236863,-268.29109455270543,-4.4481306504647256,23.29753611110936,269.1622799999962,-18.91063287494605,-1.440189614130473,-142.62957207127909,0.5846059661757064
943412.0,0.592,-1.231,10.3516,0.0093,0.0127,9.8066,-0.0534,0.1076,-0.0434,351.47,-86.51,177.59,52.881516,-1.710504,20.76,4,268.83,23 / 23,-4.312228813971396,1.0776803441419092,0.6925492293216795,-126.08765790740992,-4.926051328278745,7.7688970469003324,False,13.899000000000001,-23.35371416376435,-0.29033840949336925,-270.57297132557125,-4.480821958889352,23.355519444443576,269.2877199999981,-19.041485349792957,-1.3680187536352784,-144.48531341816133,0.44522936938939317
943512.0,-1.5692,-0.134,10.5736,-0.0069,0.0379,9.8065,-0.0741,0.0374,0.0753,326.03,-86.47,175.1,52.881516,-1.710504,20.76,4,268.83,21 / 21,-4.328443576904851,1.0345184634503073,0.75814422932162,-126.51969152695334,-4.82044138789923,7.841431719832431,False,13.99899999999991,-23.342126501375198,-0.22231139734984973,-272.9014170121785,-4.503172138672133,23.343186111111123,269.45432999999986,-19.013682924470345,-1.2568298608001571,-146.38172548522516,0.3172692492270972
943612.0,0.6114,-0.3983,9.4718,0.0093,0.002,9.8066,0.0215,0.0662,-0.0734,315.18,-86.63,175.06,52.881516,-1.710504,20.76,4,268.83,21 / 21,-4.367473289053229,1.0554965823561266,0.7797492293216249,-126.95448737025134,-4.715940635608884,7.918326392764611,False,14.098999999999933,-23.49182024627015,-0.3598738006931188,-275.24979204657706,-4.547427719926729,23.494580555557654,269.1223699999954,-19.124346957216922,-1.4153703830492455,-148.2953046763257,0.16851291568215565
943712.0,0.4115,0.8898,9.6568,0.0166,-0.0305,9.8066,0.1637,-0.1586,0.0723,5.09,-86.53,177.55,52.881516,-1.710504,20.76,4,268.83,21 / 21,-4.2996680285731665,1.1635290985047773,0.7555142293216195,-127.38784443613277,-4.6049893515658145,7.99508956569679,False,14.198999999999955,-23.575631078536784,-0.33849548298334764,-277.59836838736294,-4.580897392839797,23.578061111107505,269.17740999999745,-19.275963049963618,-1.5020245814881248,-150.2105239512302,0.024091958726017104
943812.0,-1.607,0.8577,10.4323,0.0186,0.0026,9.8066,0.0285,-0.0167,-0.0647,20.82,-86.54,178.15,52.881516,-1.710504,20.76,4,268.83,21 / 21,-4.293651357297849,1.3235029508483345,0.779304229321625,-127.81751040542642,-4.480637749098131,8.07183048862897,False,14.298999999999978,-23.618519871769962,-0.3200923278228264,-279.9535878442413,-4.614255870123818,23.620688888887646,269.22353999999865,-19.324868514472115,-1.6435952786711607,-152.1360774388149,-0.1336181210256875
943912.0,0.0515,-1.6257,10.7348,-0.0058,0.0143,9.8066,0.0485,-0.2138,0.0787,10.57,-86.55,-179.01,52.881516,-1.710504,20.76,4,268.83,21 / 21,-4.3219289095475615,1.3588285252961887,0.8569942293216427,-128.2482894187688,-4.346521175290874,8.153645411561152,False,14.399000000000001,-23.640746803011226,-0.2160264647886062,-282.30887440331594,-4.625597753799141,23.641736111110806,269.4764499999963,-19.318817893463663,-1.5748549900847948,-154.06058498454715,-0.27907657850826695
944012.0,-2.549,1.4164,9.0998,0.0147,0.0188,9.8066,-0.1306,-0.0731,0.0683,358.98,-86.54,179.08,52.881516,-1.710504,20.76,4,268.83,21 / 21,-4.428785686025793,1.4014654319688797,0.8680592293216327,-128.68582514854705,-4.208506477427746,8.239898084493237,False,14.49899999999991,-23.75720319272222,-0.15650573621130043,-284.6774471942646,-4.636717245538683,23.757719444444323,269.6225499999999,-19.328417506696425,-1.5579711681801802,-155.99162204571752,-0.4282107681109366
944112.0,-0.1449,-1.3686,9.7601,0.0128,-0.0018,9.8066,0.0981,-0.1837,0.0052,9.88,-86.7,-177.03,52.881516,-1.710504,20.76,4,268.83,21 / 21,-4.542450788633953,1.458545851833108,0.8303892293216242,-129.13438697228014,-4.065505913237614,8.32482050742542,False,14.598999999999933,-23.867136971153318,-0.4181399406510283,-287.06608353739335,-4.702878226864721,23.87081388889044,268.9963399999913,-19.324686182519365,-1.8766857924841363,-157.9316965651132,-0.6373723136271066
944212.0,-1.265,0.9755,9.7396,0.0059,-0.0011,9.8066,0.0088,-0.0586,0.0209,8.56,-86.76,-178.12,52.881516,-1.710504,20.76,4,268.83,21 / 21,-3.8913756484382453,1.2766502253782517,0.7010028449233795,-129.55607829413384,-3.9287461093770153,8.401390111137687,False,14.698999999999955,-23.892705672178426,-0.07356530436598763,-289.4416349549914,-4.681528800721722,23.892844444443526,269.82357999996333,-20.00133002374018,-1.3502155297442393,-159.88555666085756,-0.7527826913447067
944312.0,-0.0961,-0.1112,9.4772,-0.0004,0.0021,9.8066,-0.0124,-0.0992,0.0836,0.69,-86.58,-179.38,52.881516,-1.710504,20.76,4,268.83,21 / 21,-3.9173681557525706,1.3835099711823986,0.681177844923375,-129.94651548434348,-3.7957380995489527,8.47049914563004,False,14.798999999999978,-23.936393992281367,-0.07308059142313765,-291.8303384002724,-4.692314709766582,23.936505555554255,269.8250700000002,-20.019025836528797,-1.4565905626055362,-161.88382291592893,-0.8965766102176294
944412.0,-1.0743,-0.5573,9.6202,0.0143,0.0022,9.8066,-0.017,-0.0611,-0.0061,359.41,-86.61,179.5,52.881516,-1.710504,20.76,4,268.83,21 / 21,-3.3540194502743845,1.1959410473301224,0.5570754181848638,-130.31008486464492,-3.6667655486232973,8.532411808785465,False,14.899000000000001,-23.972441391811635,0.1086238130399256,-294.21917604993143,-4.681417605803736,23.972694444443913,270.2596099999936,-20.61842194153725,-1.0873172342901969,-163.9090911852865,-1.0146520571804385
944512.0,-0.9036,0.1696,10.197,-0.0045,0.03,9.8066,-0.0158,-0.1029,0.0062,353.11,-86.59,-179.86,52.881516,-1.710504,20.76,4,268.83,22 / 23,-3.427452525478655,1.229676851335085,0.5672704181848546,-130.64915846343226,-3.5454846536901474,8.5886291006039,False,14.99899999999991,-24.025270926754985,0.23317300393849943,-296.6080136995878,-4.648281518361491,24.0264055555555,270.55604999999974,-20.597818401276328,-0.9965038473965857,-165.95885523615553,-1.102796864671344
944612.0,-1.717,0.2618,11.3998,0.0137,-0.0233,9.8066,0.1334,-0.0565,0.0473,344.79,-86.53,177.97,52.881516,-1.710504,20.76,4,268.83,22 / 23,-3.5414945626000818,1.2846776094405226,0.6664454181848771,-130.99760581783627,-3.4197669306513383,8.6503148924224,False,15.098999999999933,-24.062131170793467,0.2584683881191885,-299.0101375811103,-4.62593133858591,24.06351944444495,270.61543000000074,-20.520636608193385,-1.026209221321334,-168.01253176327404,-1.2061644079345717
944711.0,-1.2208,-0.8179,9.0501,0.0316,-0.0188,9.8065,0.0959,-0.0287,-0.1396,349.29,-86.26,176.96,52.881516,-1.710504,20.76,4,268.83,22 / 23,-3.6628595327459315,1.2858275589560382,0.7078571181848966,-131.35422134555606,-3.292526924815649,8.718342867972737,False,15.197999999999979,-24.0313024696493,0.33730521704838445,-301.3883730859525,-4.593017639621827,24.033672222223537,270.8041599999918,-20.36844293690337,-0.9485223419076537,-170.03415174039642,-1.3004907148061782
944811.0,0.6219,-0.0803,9.7149,-0.0223,0.0291,9.8065,0.023,-0.1439,0.0967,2.45,-86.4,178.46,52.881516,-1.710504,20.76,4,268.83,22 / 23,-3.659010965431145,1.287987500538704,0.6654421181848871,-131.720314870465,-3.1638361718408827,8.787007829791241,False,15.298000000000002,-24.083496931377105,0.40805422143022935,-303.7840551581028,-4.548762059046777,24.086955555553942,270.9706799999951,-20.424485965945962,-0.8799332791084746,-172.06374028763778,-1.3849258872058945
944911.0,-2.1927,-0.2331,9.1881,-0.0449,0.0268,9.8065,-0.0212,-0.2227,0.1206,2.58,-86.52,179.27,52.881516,-1.710504,20.76,4,268.83,22 / 23,-3.705961701463885,1.332007170163296,0.6299271181849194,-132.0885635038094,-3.032836438305902,8.851776291609672,False,15.39799999999991,-24.176468239980217,0.515695035724549,-306.19275505337976,-4.493386986060066,24.181972222220715,271.22193999999604,-20.470506538516332,-0.8163121344387471,-174.10419154957034,-1.4605505477541638
945011.0,-0.6352,-1.0883,9.5816,-0.0139,-0.0174,9.8065,0.0827,-0.0344,0.019,7.59,-86.45,179.93,52.881516,-1.710504,20.76,4,268.83,22 / 23,-3.8200278528279616,1.330071647870405,0.5877471181849099,-132.46486298152408,-2.8997324974041865,8.912660003428178,False,15.497999999999934,-24.25829472484398,0.582264885689803,-308.6148753848982,-4.4268924199543065,24.265283333333254,271.3749799999998,-20.43826687201602,-0.7478067621806022,-176.15001240337412,-1.52715992255012
